year,yearly_ranking,name,net_worth_usd_billion,age,nationality,source_of_wealth,industry
2006,8,Al-Waleed bin Talal,20,49, Saudi Arabia,Kingdom Holding Company,Miscellaneous
2005,5,Al-Waleed bin Talal,23.7,49, Saudi Arabia,Kingdom Holding Company,Miscellaneous
2004,4,Al-Waleed bin Talal,21.5,47, Saudi Arabia,Kingdom Holding Company,Miscellaneous
2003,5,Al-Waleed bin Talal,17.7,46, Saudi Arabia,Kingdom Holding Company,Miscellaneous
2001,6,Al-Waleed bin Talal,20,44, Saudi Arabia,Kingdom Holding Company,Miscellaneous
2000,6,Al-Waleed bin Talal,20,43, Saudi Arabia,Kingdom Holding Company,Miscellaneous
1999,8,Al-Waleed Bin Talal,15,42, Saudi Arabia,Kingdom Holding Company,Miscellaneous
1998,8,Al-Waleed Bin Talal,13.3,41, Saudi Arabia,Kingdom Holding Company,Miscellaneous
2004,6,Alice Walton,20,55, United States,Wal-Mart,Consumer Goods/Retail
2003,7,Alice Walton,16.5,54, United States,Wal-Mart,Consumer Goods/Retail
2002,8,Alice Walton,20.5,53, United States,Wal-Mart,Consumer Goods/Retail
2001,10,Alice Walton,18.5,52, United States,Wal-Mart,Consumer Goods/Retail
2020,9,Alice Walton,54.4,70, United States,Walmart,Consumer Goods/Retail
2016,2,Amancio Ortega,67,79, Spain,Inditex,Consumer Goods/Retail
2015,4,Amancio Ortega,64.5,78, Spain,Inditex,Consumer Goods/Retail
2014,3,Amancio Ortega,64,77, Spain,Inditex,Consumer Goods/Retail
2013,3,Amancio Ortega,57,76, Spain,Inditex Group,Consumer Goods/Retail
2012,5,Amancio Ortega,37.5,75, Spain,Inditex Group,Consumer Goods/Retail
2011,7,Amancio Ortega,31,74, Spain,Inditex Group,Consumer Goods/Retail
2010,9,Amancio Ortega,25,74, Spain,Inditex Group,Consumer Goods/Retail
2009,10,Amancio Ortega,18.3,73, Spain,Inditex Group,Consumer Goods/Retail
2007,8,Amancio Ortega,24,71, Spain,Inditex Group,Consumer Goods/Retail
2020,6,Amancio Ortega,55.1,84, Spain,"Inditex, Zara",Consumer Goods/Retail
2019,6,Amancio Ortega,62.7,82, Spain,"Inditex, Zara",Consumer Goods/Retail
2018,6,Amancio Ortega,70,81, Spain,"Inditex, Zara",Consumer Goods/Retail
2017,4,Amancio Ortega,71.3,80, Spain,"Inditex, Zara",Consumer Goods/Retail
2008,6,Anil Ambani,42,48, India,Anil Dhirubhai Ambani Group,Services
2012,4,Bernard Arnault & family,41,63, France,LVMH Moët Hennessy  Louis Vuitton,Consumer Goods/Retail
2011,4,Bernard Arnault & family,41,62, France,LVMH Moët Hennessy  Louis Vuitton,Consumer Goods/Retail
2010,7,Bernard Arnault & family,27.5,61, France,LVMH Moët Hennessy  Louis Vuitton,Consumer Goods/Retail
2006,7,Bernard Arnault & family,21.5,57, France,LVMH Moët Hennessy  Louis Vuitton,Consumer Goods/Retail
2019,4,Bernard Arnault & family,76,70, France,LVMH,Miscellaneous
2018,4,Bernard Arnault & family,72,69, France,LVMH,Miscellaneous
2013,10,Bernard Arnault & family,29,63, France,LVMH,Miscellaneous
2007,7,Bernard Arnault & family,26,58, France,LVMH,Miscellaneous
2022,3,Bernard Arnault & family,158,73, France,LVMH,Miscellaneous
2021,3,Bernard Arnault & family,150,72, France,LVMH,Miscellaneous
2020,3,Bernard Arnault & family,76,71, France,LVMH,Miscellaneous
1995,2,Bill Gates,12.9,/, United States,Microsoft,Media/Technology
1994,5,Bill Gates,8.2,/, United States,Microsoft,Media/Technology
1993,6,Bill Gates,7.4,/, United States,Microsoft,Media/Technology
1992,7,Bill Gates,6.4,/, United States,Microsoft,Media/Technology
2022,4,Bill Gates,129,66, United States,Microsoft,Media/Technology
2021,4,Bill Gates,124,65, United States,Microsoft,Media/Technology
2020,2,Bill Gates,98,64, United States,Microsoft,Media/Technology
2019,2,Bill Gates,96.5,63, United States,Microsoft,Media/Technology
2018,2,Bill Gates,90,62, United States,Microsoft,Media/Technology
2017,1,Bill Gates,86,61, United States,Microsoft,Media/Technology
2016,1,Bill Gates,75,60, United States,Microsoft,Media/Technology
2015,1,Bill Gates,79.2,59, United States,Microsoft,Media/Technology
2014,1,Bill Gates,76,58, United States,Microsoft,Media/Technology
2013,2,Bill Gates,67,57, United States,Microsoft,Media/Technology
2012,2,Bill Gates,61,56, United States,Microsoft,Media/Technology
2011,2,Bill Gates,56,55, United States,Microsoft,Media/Technology
2010,2,Bill Gates,53,54, United States,Microsoft,Media/Technology
2009,1,Bill Gates,40,53, United States,Microsoft,Media/Technology
2008,3,Bill Gates,58,52, United States,Microsoft,Media/Technology
2007,1,Bill Gates,56,51, United States,Microsoft,Media/Technology
2006,1,Bill Gates,52,50, United States,Microsoft,Media/Technology
2005,1,Bill Gates,46.5,49, United States,Microsoft,Media/Technology
2004,1,Bill Gates,46.6,48, United States,Microsoft,Media/Technology
2003,1,Bill Gates,40.7,47, United States,Microsoft,Media/Technology
2002,1,Bill Gates,52.8,46, United States,Microsoft,Media/Technology
2001,1,Bill Gates,58.7,45, United States,Microsoft,Media/Technology
2000,1,Bill Gates,60,44, United States,Microsoft,Media/Technology
1999,1,Bill Gates,90,43, United States,Microsoft,Media/Technology
1998,1,Bill Gates,51,43, United States,Microsoft,Media/Technology
1997,1,Bill Gates,36.4,42, United States,Microsoft,Media/Technology
1996,2,Bill Gates,18,41, United States,Microsoft,Media/Technology
2019,5,Carlos Slim & family,64,79, Mexico,"América Móvil, Grupo Carso",Finance/Insurance
2018,7,Carlos Slim & family,67.1,78, Mexico,"América Móvil, Grupo Carso",Finance/Insurance
2017,6,Carlos Slim & family,54.5,77, Mexico,"América Móvil, Grupo Carso",Finance/Insurance
2016,4,Carlos Slim & family,50,76, Mexico,"América Móvil, Grupo Carso",Finance/Insurance
2015,2,Carlos Slim & family,77.1,75, Mexico,"América Móvil, Grupo Carso",Finance/Insurance
2011,1,Carlos Slim & family,74,71, Mexico,"América Móvil, Grupo Carso",Finance/Insurance
2009,3,Carlos Slim & family,35,69, Mexico,"América Móvil, Grupo Carso",Finance/Insurance
2008,2,Carlos Slim & family,60,68, Mexico,"América Móvil, Grupo Carso",Finance/Insurance
2007,3,Carlos Slim & family,49,67, Mexico,"América Móvil, Grupo Carso",Finance/Insurance
2006,3,Carlos Slim & familycolnames(wbl),30,66, Mexico,"América Móvil, Grupo Carso",Finance/Insurance
2005,4,Carlos Slim & family,23.8,65, Mexico,"América Móvil, Grupo Carso",Finance/Insurance
1994,10,Carlos Slim & family,6.6,/, Mexico,América Móvil,Finance/Insurance
2014,2,Carlos Slim & family,72,74, Mexico,"América Móvil, Grupo Carso",Finance/Insurance
2013,1,Carlos Slim & family,73,73, Mexico,"América Móvil, Grupo Carso",Finance/Insurance
2012,1,Carlos Slim & family,69,72, Mexico,"América Móvil, Grupo Carso",Finance/Insurance
2010,1,Carlos Slim & family,53.5,70, Mexico,"América Móvil, Grupo Carso",Finance/Insurance
2018,8,Charles Koch,60,82, United States,Koch Industries,Energy
2017,8,Charles Koch,48.3,81, United States,Koch Industries,Energy
2016,9,Charles Koch,39.6,80, United States,Koch Industries,Energy
2015,6,Charles Koch,42.9,79, United States,Koch Industries,Energy
2014,6,Charles Koch,40,78, United States,Koch Industries,Energy
2013,6,Charles Koch,34,77, United States,Koch Industries,Energy
2015,8,Walton family,41.7,66, United States,Wal-Mart,Consumer Goods/Retail
2014,9,Walton family,36.7,65, United States,Wal-Mart,Consumer Goods/Retail
2011,10,Walton family,26.5,62, United States,Wal-Mart,Consumer Goods/Retail
1995,10,Chung Ju-yung,6.2,/, South Korea,Hyundai Group,Manufacturing
2018,8,David Koch,60,77, United States,Koch Industries,Energy
2017,8,David Koch,48.3,76, United States,Koch Industries,Energy
2016,9,David Koch,39.6,75, United States,Koch Industries,Energy
2015,6,David Koch,42.9,74, United States,Koch Industries,Energy
2014,6,David Koch,40,73, United States,Koch Industries,Energy
2013,6,David Koch,34,72, United States,Koch Industries,Energy
1992,8,David Sainsbury & family,6.2,/, United Kingdom,Sainsbury's supermarket,Consumer Goods/Retail
2007,10,David Thomson,22,49, Canada,Thomson Corporation,Media/Technology
1994,2,du Pont family,9,/, United States,DuPont,Manufacturing
1993,4,du Pont family,8.6,/, United States,DuPont,Manufacturing
1991,4,du Pont family,10,/, United States,DuPont,Manufacturing
1990,4,du Pont family,10,/, United States,DuPont,Manufacturing
2012,7,Eike Batista,30,55, Brazil,EBX Group,Energy
2011,8,Eike Batista,30,53, Brazil,EBX Group,Energy
2010,8,Eike Batista,27,53, Brazil,EBX Group,Energy
1990,10,Eitaro Itoyama,5.8,/, Japan,Real Estate,Real Estate
1989,10,Eitaro Itoyama,6.6,/, Japan,Real Estate,Real Estate
1988,9,Eitaro Itoyama,5,/, Japan,Real Estate,Real Estate
2022,1,Elon Musk,219,50, United States,"Tesla, SpaceX",Media/Technology
2021,2,Elon Musk,151,49, United States,"Tesla, SpaceX",Media/Technology
1993,10,Erivan Haub,6.2,/, Germany,Tengelmann Group,Services
1992,5,Erivan Haub,6.9,/, Germany,Tengelmann Group,Services
1998,7,Forrest Mars Sr. & family,13.5,94, United States,"Mars, Inc.[49]",Consumer Goods/Retail
1997,8,Forrest Mars Sr. & family,12,93, United States,"Mars, Inc.[49]",Consumer Goods/Retail
1997,7,Haas family,12.3,_, United States,Levi Strauss & Co[52],Consumer Goods/Retail
1992,6,Haniel family,6.4,/, Germany,Franz Haniel & Cie.,Miscellaneous
1995,4,Hans and Gad Rausing,9,/, Sweden,Tetra Pak,Manufacturing
1994,3,Hans and Gad Rausing,9,/, Sweden,Tetra Pak,Manufacturing
1992,4,Hans and Gad Rausing,7,/, Sweden,Tetra Pak,Manufacturing
1991,5,Hans and Gad Rausing,9,/, Sweden,Tetra Pak,Manufacturing
1990,5,Hans and Gad Rausing,9.6,/, Sweden,Tetra Pak,Manufacturing
1989,8,Hans and Gad Rausing,7,/, Sweden,Tetra Pak,Manufacturing
1987,6,Hans and Gad Rausing,6,/, Sweden,Tetra Pak,Manufacturing
1988,6,Haruhiko Yoshimoto ,7.8,/, Japan,Real Estate,Real Estate
1987,4,Haruhiko Yoshimoto ,7,/, Japan,Real Estate,Real Estate
1989,8,Haruhiko Yoshimoto ,7,/, Japan,Real Estate,Real Estate
2004,6,Helen Walton,20,84, United States,Wal-Mart,Consumer Goods/Retail
2003,7,Helen Walton,16.5,83, United States,Wal-Mart,Consumer Goods/Retail
2002,8,Helen Walton,20.5,82, United States,Wal-Mart,Consumer Goods/Retail
2001,10,Helen Walton,18.5,81, United States,Wal-Mart,Consumer Goods/Retail
1989,6,Hirotomo Takei [ja] & family,7.8,/, Japan,consumer loans,Services
2009,5,Ingvar Kamprad,22,83, Sweden,IKEA,Consumer Goods/Retail
2008,7,Ingvar Kamprad,31,81, Sweden,IKEA,Consumer Goods/Retail
2007,4,Ingvar Kamprad,33,80, Sweden,IKEA,Consumer Goods/Retail
2006,4,Ingvar Kamprad,28,79, Sweden,IKEA,Consumer Goods/Retail
2005,6,Ingvar Kamprad,23,79, Sweden,IKEA,Consumer Goods/Retail
1998,6,Jay and Robert Pritzker,13.5,_, United States,Hyatt[48],Real Estate
2022,2,Jeff Bezos,177,58, United States,Amazon,Media/Technology
2021,1,Jeff Bezos,177,57, United States,Amazon,Media/Technology
2020,1,Jeff Bezos,113,56, United States,Amazon,Media/Technology
2019,1,Jeff Bezos,131,55, United States,Amazon,Media/Technology
2018,1,Jeff Bezos,112,54, United States,Amazon,Media/Technology
2017,3,Jeff Bezos,72.8,53, United States,Amazon,Media/Technology
2016,5,Jeff Bezos,45.2,52, United States,Amazon,Media/Technology
2004,6,Jim Walton,20,56, United States,Wal-Mart,Consumer Goods/Retail
2003,7,Jim Walton,16.5,55, United States,Wal-Mart,Consumer Goods/Retail
2002,6,Jim Walton,20.8,54, United States,Wal-Mart,Consumer Goods/Retail
2001,7,Jim Walton,18.8,53, United States,Wal-Mart,Consumer Goods/Retail
2020,8,Jim Walton,54.6,71, United States,Walmart,Consumer Goods/Retail
2015,9,Jim Walton,40.6,66, United States,Walmart,Consumer Goods/Retail
2014,10,Jim Walton,34.7,65, United States,Walmart,Consumer Goods/Retail
2004,6,John Walton,20,58, United States,Wal-Mart,Consumer Goods/Retail
2003,7,John Walton,16.5,57, United States,Wal-Mart,Consumer Goods/Retail
2002,7,John Walton,20.7,56, United States,Wal-Mart,Consumer Goods/Retail
2001,8,John Walton,18.7,55, United States,Wal-Mart,Consumer Goods/Retail
1988,4,K. C. Irving,8,/, Canada,Irving Group of Companies,Energy
2012,10,Karl Albrecht,25.4,92, Germany,Aldi,Consumer Goods/Retail
2010,10,Karl Albrecht,23.5,90, Germany,Aldi Süd,Consumer Goods/Retail
2009,6,Karl Albrecht,21.5,89, Germany,Aldi Süd,Consumer Goods/Retail
2008,10,Karl Albrecht,27,88, Germany,Aldi Süd,Consumer Goods/Retail
2005,8,Karl Albrecht,18.5,85, Germany,Aldi Süd,Consumer Goods/Retail
2004,3,Karl Albrecht,23,84, Germany,Aldi Süd,Consumer Goods/Retail
1996,10,Karl and Theo Albrecht,9,76, Germany,Aldi Süd[56],Consumer Goods/Retail
1994,9,Karl and Theo Albrecht,7.3,/, Germany,Aldi,Consumer Goods/Retail
2001,5,Karl and Theo Albrecht,25,81, Germany,Aldi,Consumer Goods/Retail
2003,3,Karl and Theo Albrecht,25.6,83, Germany,Aldi Süd,Consumer Goods/Retail
2002,3,Karl and Theo Albrecht,26.8,82, Germany,Aldi Süd,Consumer Goods/Retail
2000,5,Karl and Theo Albrecht,20,80, Germany,Aldi Süd,Consumer Goods/Retail
1999,9,Karl and Theo Albrecht,13.6,79, Germany,Aldi Süd,Consumer Goods/Retail
1998,10,Karl and Theo Albrecht,11.7,78, Germany,Aldi Süd,Consumer Goods/Retail
1997,9,Karl and Theo Albrecht,11.5,77, Germany,Aldi Süd,Consumer Goods/Retail
1987,10,Keizo Saji,4,/, Japan,Suntory,Miscellaneous
1991,9,Kenkichi Nakajima [Wikidata],6.1,/, Japan,Fuji Heavy Industries,Manufacturing
1990,8,Kenkichi Nakajima [Wikidata],8.4,/, Japan,Fuji Heavy Industries,Manufacturing
1995,8,Kenneth Thomson,6.5,/, Canada,Thomson Corporation,Media/Technology
1992,9,Kenneth Thomson,6.2,/, Canada,Thomson Corporation,Media/Technology
1991,8,Kenneth Thomson,6.8,/, Canada,Thomson Corporation,Media/Technology
1987,9,Kenneth Thomson,5.4,/, Canada,Thomson Corporation,Media/Technology
2006,9,Kenneth Thomson,19.6,82, Canada,Thomson Corporation,Media/Technology
2000,10,Kenneth Thomson,16.1,77, Canada,The Thomson Corporation,Miscellaneous
1998,5,Kenneth Thomson,14.4,74, Canada,Woodbridge Co. Ltd.[47],Miscellaneous
1990,6,Kitaro Watanabe [ja],9.2,/, Japan,Oriental Land Company,Hospitality/Entertainment
1989,7,Kitaro Watanabe [ja],7,/, Japan,Oriental Land Company,Hospitality/Entertainment
1988,10,Kitaro Watanabe [ja],5.2,/, Japan,Oriental Land Company,Hospitality/Entertainment
1991,6,Kitaro Watanabe [ja],7.7,/, Japan,"Oriental Land Company,",Real Estate
2008,8,Kushal Pal Singh,30,76, India,DLF Group,Energy
1997,6,Kwok brothers,12.3,48, Hong Kong,Sun Hung Kai Properties[51],Real Estate
1996,7,Kwok brothers,11.2,_, Hong Kong,Sun Hung Kai Properties[51],Real Estate
2011,6,Lakshmi Mittal,31.1,60, India,Arcelor Mittal,Miscellaneous
2010,5,Lakshmi Mittal,28.7,60, India,Arcelor Mittal,Miscellaneous
2009,8,Lakshmi Mittal,19.3,58, India,Arcelor Mittal,Miscellaneous
2008,4,Lakshmi Mittal,45,57, India,Arcelor Mittal,Miscellaneous
2007,5,Lakshmi Mittal,32,56, India,Arcelor Mittal,Miscellaneous
2006,5,Lakshmi Mittal,23.5,55, India,Mittal Steel Company,Manufacturing
2005,3,Lakshmi Mittal,25,54, India,Mittal Steel Company,Manufacturing
2022,8,Larry Ellison,106,77, United States,Oracle Corporation,Media/Technology
2021,7,Larry Ellison,93,76, United States,Oracle Corporation,Media/Technology
2020,5,Larry Ellison,59,75, United States,Oracle Corporation,Media/Technology
2019,7,Larry Ellison,62.5,74, United States,Oracle Corporation,Media/Technology
2018,10,Larry Ellison,58.5,73, United States,Oracle Corporation,Media/Technology
2017,7,Larry Ellison,52.2,72, United States,Oracle Corporation,Media/Technology
2016,7,Larry Ellison,43.6,71, United States,Oracle Corporation,Media/Technology
2015,5,Larry Ellison,54.3,70, United States,Oracle Corporation,Media/Technology
2014,5,Larry Ellison,48,70, United States,Oracle Corporation,Media/Technology
2013,5,Larry Ellison,43,68, United States,Oracle Corporation,Media/Technology
2012,6,Larry Ellison,36,67, United States,Oracle Corporation,Media/Technology
2011,5,Larry Ellison,39.5,66, United States,Oracle Corporation,Media/Technology
2010,6,Larry Ellison,28,66, United States,Oracle Corporation,Media/Technology
2009,4,Larry Ellison,22.5,64, United States,Oracle Corporation,Media/Technology
2005,9,Larry Ellison,18.4,60, United States,Oracle Corporation,Media/Technology
2003,6,Larry Ellison,16.6,58, United States,Oracle Corporation,Media/Technology
2002,5,Larry Ellison,23.5,57, United States,Oracle Corporation,Media/Technology
2001,4,Larry Ellison,26,56, United States,Oracle Corporation,Media/Technology
2000,2,Larry Ellison,47,55, United States,Oracle Corporation,Media/Technology
2022,6,Larry Page,111,49, United States,Alphabet Inc.,Media/Technology
2021,8,Larry Page,91.5,48, United States,Alphabet Inc.,Media/Technology
2019,10,Larry Page,50.8,45, United States,Alphabet Inc.,Media/Technology
1998,9,Lee Shau-kee,12.7,70, Hong Kong,Henderson Land Development[50],Real Estate
1997,4,Lee Shau-kee,14.7,69, Hong Kong,Henderson Land Development[50],Real Estate
1996,5,Lee Shau-kee,12.7,68, Hong Kong,Henderson Land Development[50],Real Estate
1995,9,Lee Shau-kee,6.5,/, Hong Kong,real estate,Real Estate
2006,10,Li Ka-shing & family,18.8,77, Hong Kong,"Cheung Kong Group, Hutchison Whampoa",Energy
2007,9,Li Ka-shing & family,23,78, Hong Kong,"Cheung Kong Holdings, Hutchison Whampoa",Energy
2013,8,Li Ka-shing & family,31,84, Hong Kong,Cheung Kong Holdings,Manufacturing
2012,9,Li Ka-shing & family,25.5,83, Hong Kong,Cheung Kong Holdings,Manufacturing
1999,10,Li Ka-shing & family,12.6,71, Hong Kong,CK Asset Holdings[46],Energy
1996,8,Li Ka-shing & family,10.6,68, Hong Kong,CK Asset Holdings[46],Energy
2015,10,Liliane Bettencourt & family,40.1,92, France,L'Oreal,Miscellaneous
2013,9,Liliane Bettencourt & family,30,90, France,L'Oréal,Consumer Goods/Retail
2020,7,Mark Zuckerberg,54.7,35, United States,"Facebook, Inc.",Media/Technology
2019,8,Mark Zuckerberg,62.3,34, United States,"Facebook, Inc.",Media/Technology
2018,5,Mark Zuckerberg,71,33, United States,"Facebook, Inc.",Media/Technology
2017,5,Mark Zuckerberg,56,32, United States,"Facebook, Inc.",Media/Technology
2016,6,Mark Zuckerberg,44.6,31, United States,"Facebook, Inc.",Media/Technology
2021,5,Mark Zuckerberg,97,36, United States,Meta Platforms,Media/Technology
1993,2,Mars family,9.2,/, United States,Mars Inc.,Consumer Goods/Retail
2000,8,Masayoshi Son,19.4,43, Japan,"Softbank Capital, SoftBank Mobile",Finance/Insurance
2019,9,Michael Bloomberg,55.5,77, United States,Bloomberg L.P.,Media/Technology
2017,10,Michael Bloomberg,47.5,75, United States,Bloomberg L.P.,Media/Technology
2016,8,Michael Bloomberg,40,74, United States,Bloomberg L.P.,Media/Technology
2000,9,Michael Dell,19.1,35, United States,Dell,Media/Technology
1999,6,Michael Dell,16.5,34, United States,Dell,Media/Technology
1993,5,Minoru and Akira Mori,7.5,/, Japan,Mori Building Company,Real Estate
2022,10,Mukesh Ambani,90.7,64, India,Reliance Industries,Energy
2021,10,Mukesh Ambani,84.5,63, India,Reliance Industries,Energy
2011,9,Mukesh Ambani,27,54, India,Reliance Industries,Energy
2010,4,Mukesh Ambani,29,53, India,Reliance Industries,Energy
2009,7,Mukesh Ambani,19.5,52, India,Reliance Industries,Energy
2008,5,Mukesh Ambani,43,51, India,Reliance Industries,Energy
1996,4,"Oeri, Hoffman & Sacher families",13.1,_, Switzerland,Roche[54],Miscellaneous
2008,9,Oleg Deripaska,28,40, Russia,Rusal,Miscellaneous
2006,6,Paul Allen,22,53, United States,Microsoft,Media/Technology
2005,7,Paul Allen,21,52, United States,Microsoft,Media/Technology
2004,5,Paul Allen,21,51, United States,Microsoft,Media/Technology
2003,4,Paul Allen,20.1,50, United States,Microsoft,Media/Technology
2002,4,Paul Allen,25.2,49, United States,Microsoft,Media/Technology
2001,3,Paul Allen,30.4,48, United States,Microsoft,Media/Technology
2000,3,Paul Allen,28,47, United States,Microsoft,Media/Technology
1999,3,Paul Allen,30,46, United States,Microsoft,Media/Technology
1998,4,Paul Allen,21,45, United States,Microsoft,Media/Technology
1997,5,Paul Allen,14.1,44, United States,Microsoft,Media/Technology
1995,6,Paul Sacher & Hoffman family,8.6,/, Switzerland,Hoffmann-La Roche,Manufacturing
1994,7,Paul Sacher & Hoffman family,7.8,/, Switzerland,Hoffmann-La Roche,Manufacturing
1999,5,Philip Anschutz,16.5,59, United States,The Anschutz Corporation,Services
1987,7,Reichmann brothers,6,/, Canada,Olympia & York,Real Estate
1991,7,Reichmann brothers,7.1,/, Canada,Olympia & York,Real Estate
1990,7,Reichmann brothers,9,/, Canada,Olympia & York,Real Estate
1989,4,Reichmann brothers,8,/, Canada, Olympia & York,Real Estate
1988,3,Reichmann brothers,9,/, Canada, Olympia & York,Real Estate
2004,6,S. Robson Walton,20,60, United States,Wal-Mart,Consumer Goods/Retail
2003,7,S. Robson Walton,16.5,59, United States,Wal-Mart,Consumer Goods/Retail
2002,8,S. Robson Walton,20.5,58, United States,Wal-Mart,Consumer Goods/Retail
2001,9,S. Robson Walton,18.6,57, United States,Wal-Mart,Consumer Goods/Retail
2000,7,S. Robson Walton,20,57, United States,Wal-Mart,Consumer Goods/Retail
1999,7,S. Robson Walton,15.8,55, United States,Wal-Mart,Consumer Goods/Retail
2020,10,S. Robson Walton,54.1,77, United States,Walmart,Consumer Goods/Retail
2005,10,S. Robson Walton,18.3,61, United States,Walmart,Consumer Goods/Retail
1987,5,Salim Ahmed Bin Mahfouz [ar],6.2,/, Saudi Arabia,Saudi Binladin Group,Energy
1988,7,Sam Walton,6.5,/, United States,Walmart,Consumer Goods/Retail
1989,3,Sam Walton & family,8.7,/, United States,Walmart,Consumer Goods/Retail
1993,7,Samuel and Donald Newhouse,7,/, United States,Walmart,Consumer Goods/Retail
2022,7,Sergey Brin,107,48, United States,Alphabet Inc.,Media/Technology
2021,9,Sergey Brin,89,47, United States,Alphabet Inc.,Media/Technology
2014,8,Sheldon Adelson,38,80, United States,Las Vegas Sands,Hospitality/Entertainment
2007,6,Sheldon Adelson,26.5,73, United States,Las Vegas Sands,Hospitality/Entertainment
1987,3,Shigeru Kobayashi [ja],7.5,/, Japan,Sony Music Entertainment ,Media/Technology
1992,10,Shin Kyuk-ho,6,/, South Korea,Lotte Group,Miscellaneous
1991,10,Shin Kyuk-ho,6,/, South Korea,Lotte Group,Miscellaneous
1990,9,Shin Kyuk-ho,7.5,/, South Korea,Lotte Group,Miscellaneous
1989,4,Shin Kyuk-ho,8,/, South Korea,Lotte Group,Miscellaneous
1988,4,Shin Kyuk-ho,8,/, South Korea,Lotte Group,Miscellaneous
1993,8,Sid and Lee Bass & brothers,6.8,/, United States,venture capital,Media/Technology
2012,8,Stefan Persson,26,64, Sweden,H&M,Consumer Goods/Retail
2022,9,Steve Ballmer,91.4,66, United States,Microsoft,Media/Technology
1999,4,Steven Ballmer,19.5,43, United States,Microsoft,Media/Technology
1992,2,Taikichiro Mori,13,/, Japan,Mori Trust,Real Estate
1991,2,Taikichiro Mori,15,/, Japan,Mori Trust,Real Estate
1990,2,Taikichiro Mori,14.6,/, Japan,Mori Trust,Real Estate
1989,2,Taikichiro Mori,14.2,/, Japan,Mori Trust,Real Estate
1988,2,Taikichiro Mori,18,/, Japan,Mori Trust,Real Estate
1987,2,Taikichiro Mori,15,/, Japan,Mori Trust,Real Estate
2009,9,Theo Albrecht,18.8,87, Germany,"Aldi Nord, Trader Joe's",Consumer Goods/Retail
1997,10,Tsai Wan-lin & family,11.3,73, Taiwan,Cathay Life Insurance[53],Finance/Insurance
1996,6,Tsai Wan-lin & family,12.2,72, Taiwan,Cathay Life Insurance[53],Finance/Insurance
1988,8,Tsai Wan-lin & family,5.6,/, Taiwan,Fubon Group,Finance/Insurance
1995,7,Tsai Wan-lin & family,8.5,/, Taiwan,Fubon Group,Finance/Insurance
1994,8,Tsai Wan-lin & family,7.5,/, Taiwan,Fubon Group,Finance/Insurance
1995,1,Walton family,23.5,/, United States,Wal-Mart,Consumer Goods/Retail
1994,1,Walton family,22.6,/, United States,Wal-Mart,Consumer Goods/Retail
1993,1,Walton family,25.3,/, United States,Wal-Mart,Consumer Goods/Retail
1992,1,Walton family,23.8,/, United States,Wal-Mart,Consumer Goods/Retail
1991,1,Walton family,18.5,/, United States,Wal-Mart,Consumer Goods/Retail
1990,3,Walton family,13.5,/, United States,Wal-Mart,Consumer Goods/Retail
1998,2,Walton family,48,_, United States,Wal-Mart,Consumer Goods/Retail
1997,2,Walton family,27.6,_, United States,Wal-Mart,Consumer Goods/Retail
1996,1,Walton family,22.9,_, United States,Wal-Mart,Consumer Goods/Retail
1995,3,Warren Buffett,10.7,/, United States,Berkshire Hathaway,Miscellaneous
1994,6,Warren Buffett,7.9,/, United States,Berkshire Hathaway,Miscellaneous
1993,9,Warren Buffett,6.6,/, United States,Berkshire Hathaway,Miscellaneous
2022,5,Warren Buffett,118,91, United States,Berkshire Hathaway,Miscellaneous
2021,6,Warren Buffett,96,90, United States,Berkshire Hathaway,Miscellaneous
2020,4,Warren Buffett,67.5,89, United States,Berkshire Hathaway,Miscellaneous
2019,3,Warren Buffett,82.5,88, United States,Berkshire Hathaway,Miscellaneous
2018,3,Warren Buffett,84,87, United States,Berkshire Hathaway,Miscellaneous
2017,2,Warren Buffett,75.6,86, United States,Berkshire Hathaway,Miscellaneous
2016,3,Warren Buffett,60.8,85, United States,Berkshire Hathaway,Miscellaneous
2015,3,Warren Buffett,72.7,84, United States,Berkshire Hathaway,Miscellaneous
2014,4,Warren Buffett,58.2,83, United States,Berkshire Hathaway,Miscellaneous
2013,4,Warren Buffett,53.5,82, United States,Berkshire Hathaway,Miscellaneous
2012,3,Warren Buffett,44,81, United States,Berkshire Hathaway,Miscellaneous
2011,3,Warren Buffett,50,80, United States,Berkshire Hathaway,Miscellaneous
2010,3,Warren Buffett,47,79, United States,Berkshire Hathaway,Miscellaneous
2009,2,Warren Buffett,37,78, United States,Berkshire Hathaway,Miscellaneous
2008,1,Warren Buffett,62,77, United States,Berkshire Hathaway,Miscellaneous
2007,2,Warren Buffett,52,76, United States,Berkshire Hathaway,Miscellaneous
2006,2,Warren Buffett,42,75, United States,Berkshire Hathaway,Miscellaneous
2005,2,Warren Buffett,44,74, United States,Berkshire Hathaway,Miscellaneous
2004,2,Warren Buffett,42.9,73, United States,Berkshire Hathaway,Miscellaneous
2003,2,Warren Buffett,30.5,72, United States,Berkshire Hathaway,Miscellaneous
2002,2,Warren Buffett,35,71, United States,Berkshire Hathaway,Miscellaneous
2001,2,Warren Buffett,32.3,70, United States,Berkshire Hathaway,Miscellaneous
2000,4,Warren Buffett,25.6,69, United States,Berkshire Hathaway,Miscellaneous
1999,2,Warren Buffett,36,68, United States,Berkshire Hathaway,Miscellaneous
1998,3,Warren Buffett,33,67, United States,Berkshire Hathaway,Miscellaneous
1997,3,Warren Buffett,23.2,66, United States,Berkshire Hathaway,Miscellaneous
1996,3,Warren Buffett,15.3,65, United States,Berkshire Hathaway,Miscellaneous
1987,8,Yohachiro Iwasaki [ja],5.6,/, Japan,Mitsubishi ,Manufacturing
1995,5,Yoshiaki Tsutsumi,9,/, Japan,Seibu Group,Miscellaneous
1994,4,Yoshiaki Tsutsumi,8.5,/, Japan,Seibu Group,Miscellaneous
1993,3,Yoshiaki Tsutsumi,9,/, Japan,Seibu Group,Miscellaneous
1992,3,Yoshiaki Tsutsumi,10,/, Japan,Seibu Group,Miscellaneous
1991,3,Yoshiaki Tsutsumi,14,/, Japan,Seibu Group,Miscellaneous
1990,1,Yoshiaki Tsutsumi,16,/, Japan,Seibu Group,Miscellaneous
1989,1,Yoshiaki Tsutsumi,15,/, Japan,Seibu Group,Miscellaneous
1988,1,Yoshiaki Tsutsumi,18.9,/, Japan,Seibu Group,Miscellaneous
1987,1,Yoshiaki Tsutsumi,20,/, Japan,Seibu Group,Miscellaneous
1996,9,Yoshiaki Tsutsumi,9.2,62, Japan,Seibu Railway[55],Miscellaneous
,,,,,,,
,,,,,,,
